{
	"credit": "Made with Blockbench",
	"textures": {
		"42": "item/fightwithguns/stengun_magazine",
		"particle": "item/fightwithguns/stengun_magazine"
	},
	"elements": [
		{
			"from": [-2.1125, 5.625, 3],
			"to": [3.6375, 6.375, 5],
			"faces": {
				"north": {"uv": [0, 4, 5.75, 4.75], "texture": "#42"},
				"east": {"uv": [6, 1, 8, 1.75], "texture": "#42"},
				"south": {"uv": [0, 5, 5.75, 5.75], "texture": "#42"},
				"west": {"uv": [6, 2, 8, 2.75], "texture": "#42"},
				"up": {"uv": [5.75, 2, 0, 0], "texture": "#42"},
				"down": {"uv": [5.75, 2, 0, 4], "texture": "#42"}
			}
		},
		{
			"from": [-2.3625, 5.5, 2.875],
			"to": [-2.1125, 6.5, 5.125],
			"faces": {
				"north": {"uv": [4, 6, 4.25, 7], "texture": "#42"},
				"east": {"uv": [0, 6, 2.25, 7], "texture": "#42"},
				"south": {"uv": [5, 6, 5.25, 7], "texture": "#42"},
				"west": {"uv": [6, 0, 8.25, 1], "texture": "#42"},
				"up": {"uv": [3.25, 8.25, 3, 6], "texture": "#42"},
				"down": {"uv": [6.25, 3, 6, 5.25], "texture": "#42"}
			}
		}
	],
	"display": {
		"thirdperson_righthand": {
			"rotation": [-11, 0, 90],
			"translation": [-1.5, 5.5, 1.25],
			"scale": [0.75, 0.75, 0.75]
		},
		"thirdperson_lefthand": {
			"rotation": [-11, 0, -90],
			"translation": [1.5, 5.5, 1.25],
			"scale": [0.75, 0.75, 0.75]
		},
		"firstperson_righthand": {
			"rotation": [-10, 5, 90],
			"translation": [-0.25, 3.5, 0],
			"scale": [0.75, 0.75, 0.75]
		},
		"firstperson_lefthand": {
			"rotation": [-10, 5, -90],
			"translation": [0.25, 3.5, 0],
			"scale": [0.75, 0.75, 0.75]
		},
		"ground": {
			"translation": [0, -2, 0],
			"scale": [0.75, 0.75, 0.75]
		},
		"gui": {
			"rotation": [-90, -90, 0],
			"translation": [-3.5, 4.5, 0],
			"scale": [0.75, 0.75, 0.75]
		},
		"head": {
			"rotation": [0, 180, 90],
			"translation": [1.75, -0.75, -9.5],
			"scale": [0.75, 0.75, 0.75]
		},
		"fixed": {
			"rotation": [-90, -90, 0],
			"translation": [0, 5, -0.5],
			"scale": [0.75, 0.75, 0.75]
		}
	}
}