{
	"credit": "Made with Blockbench",
	"texture_size": [32, 32],
	"textures": {
		"40": "item/fightwithguns/stengun_reload",
		"particle": "item/fightwithguns/stengun_reload"
	},
	"elements": [
		{
			"from": [7, 5, 6],
			"to": [9, 7, 22],
			"faces": {
				"north": {"uv": [10, 1.5, 11, 2.5], "texture": "#40"},
				"east": {"uv": [0, 0, 8, 1], "texture": "#40"},
				"south": {"uv": [10, 6.5, 11, 7.5], "texture": "#40"},
				"west": {"uv": [0, 1, 8, 2], "texture": "#40"},
				"up": {"uv": [1, 10, 0, 2], "texture": "#40"},
				"down": {"uv": [2, 2, 1, 10], "texture": "#40"}
			}
		},
		{
			"from": [4.75, 9, 18],
			"to": [5.25, 11.5, 18.5],
			"rotation": {"angle": -22.5, "axis": "z", "origin": [0, 0, 0]},
			"faces": {
				"north": {"uv": [11.5, 3.5, 11.75, 4.75], "texture": "#40"},
				"east": {"uv": [5.5, 11.5, 5.75, 12.75], "texture": "#40"},
				"south": {"uv": [6, 11.5, 6.25, 12.75], "texture": "#40"},
				"west": {"uv": [6.5, 11.5, 6.75, 12.75], "texture": "#40"},
				"up": {"uv": [13.75, 11.25, 13.5, 11], "texture": "#40"},
				"down": {"uv": [11.75, 13.5, 11.5, 13.75], "texture": "#40"}
			}
		},
		{
			"from": [7.875, 3.5, 22.5],
			"to": [8.125, 5.5, 23],
			"faces": {
				"north": {"uv": [7.5, 12.5, 7.75, 13.5], "texture": "#40"},
				"east": {"uv": [12.5, 7.5, 12.75, 8.5], "texture": "#40"},
				"south": {"uv": [8.5, 12.5, 8.75, 13.5], "texture": "#40"},
				"west": {"uv": [12.5, 8.5, 12.75, 9.5], "texture": "#40"},
				"up": {"uv": [13.75, 9.25, 13.5, 9], "texture": "#40"},
				"down": {"uv": [9.75, 13.5, 9.5, 13.75], "texture": "#40"}
			}
		},
		{
			"from": [7.875, 2.5, 24.5],
			"to": [8.125, 4.5, 25],
			"faces": {
				"north": {"uv": [9, 12.5, 9.25, 13.5], "texture": "#40"},
				"east": {"uv": [9.5, 12.5, 9.75, 13.5], "texture": "#40"},
				"south": {"uv": [12.5, 9.5, 12.75, 10.5], "texture": "#40"},
				"west": {"uv": [10, 12.5, 10.25, 13.5], "texture": "#40"},
				"up": {"uv": [13.75, 9.75, 13.5, 9.5], "texture": "#40"},
				"down": {"uv": [10.25, 13.5, 10, 13.75], "texture": "#40"}
			}
		},
		{
			"from": [7.875, 11.5, 19.5],
			"to": [8.125, 12, 22.125],
			"rotation": {"angle": 22.5, "axis": "x", "origin": [0, 0, 0]},
			"faces": {
				"north": {"uv": [13.5, 10, 13.75, 10.25], "texture": "#40"},
				"east": {"uv": [11.5, 0.5, 12.75, 0.75], "texture": "#40"},
				"south": {"uv": [10.5, 13.5, 10.75, 13.75], "texture": "#40"},
				"west": {"uv": [11.5, 1, 12.75, 1.25], "texture": "#40"},
				"up": {"uv": [1.75, 12.75, 1.5, 11.5], "texture": "#40"},
				"down": {"uv": [2.75, 11.5, 2.5, 12.75], "texture": "#40"}
			}
		},
		{
			"from": [7.875, 13, 19.125],
			"to": [8.125, 13.5, 21.75],
			"rotation": {"angle": 22.5, "axis": "x", "origin": [0, 0, 0]},
			"faces": {
				"north": {"uv": [13.5, 10.5, 13.75, 10.75], "texture": "#40"},
				"east": {"uv": [11.5, 1.5, 12.75, 1.75], "texture": "#40"},
				"south": {"uv": [11, 13.5, 11.25, 13.75], "texture": "#40"},
				"west": {"uv": [11.5, 3, 12.75, 3.25], "texture": "#40"},
				"up": {"uv": [3.25, 12.75, 3, 11.5], "texture": "#40"},
				"down": {"uv": [3.75, 11.5, 3.5, 12.75], "texture": "#40"}
			}
		},
		{
			"from": [7.5, 7, 21],
			"to": [8.5, 8.25, 21.25],
			"faces": {
				"north": {"uv": [11, 7, 11.5, 7.75], "texture": "#40"},
				"east": {"uv": [13, 2.5, 13.25, 3.25], "texture": "#40"},
				"south": {"uv": [8, 11, 8.5, 11.75], "texture": "#40"},
				"west": {"uv": [3.5, 13, 3.75, 13.75], "texture": "#40"},
				"up": {"uv": [13.5, 8.25, 13, 8], "texture": "#40"},
				"down": {"uv": [13.5, 8.5, 13, 8.75], "texture": "#40"}
			}
		},
		{
			"from": [7.5, 8.25, 21],
			"to": [7.875, 9, 21.25],
			"faces": {
				"north": {"uv": [13, 9, 13.25, 9.5], "texture": "#40"},
				"east": {"uv": [13, 9.5, 13.25, 10], "texture": "#40"},
				"south": {"uv": [13, 10, 13.25, 10.5], "texture": "#40"},
				"west": {"uv": [10.5, 13, 10.75, 13.5], "texture": "#40"},
				"up": {"uv": [13.75, 6.75, 13.5, 6.5], "texture": "#40"},
				"down": {"uv": [7.25, 13.5, 7, 13.75], "texture": "#40"}
			}
		},
		{
			"from": [8.125, 8.25, 21],
			"to": [8.5, 9, 21.25],
			"faces": {
				"north": {"uv": [13, 10.5, 13.25, 11], "texture": "#40"},
				"east": {"uv": [11, 13, 11.25, 13.5], "texture": "#40"},
				"south": {"uv": [13, 11, 13.25, 11.5], "texture": "#40"},
				"west": {"uv": [11.5, 13, 11.75, 13.5], "texture": "#40"},
				"up": {"uv": [13.75, 7.25, 13.5, 7], "texture": "#40"},
				"down": {"uv": [7.75, 13.5, 7.5, 13.75], "texture": "#40"}
			}
		},
		{
			"from": [7.875, 8.625, 21],
			"to": [8.125, 9, 21.25],
			"faces": {
				"north": {"uv": [13.5, 7.5, 13.75, 7.75], "texture": "#40"},
				"east": {"uv": [8, 13.5, 8.25, 13.75], "texture": "#40"},
				"south": {"uv": [13.5, 8, 13.75, 8.25], "texture": "#40"},
				"west": {"uv": [8.5, 13.5, 8.75, 13.75], "texture": "#40"},
				"up": {"uv": [13.75, 8.75, 13.5, 8.5], "texture": "#40"},
				"down": {"uv": [9.25, 13.5, 9, 13.75], "texture": "#40"}
			}
		},
		{
			"from": [7.5, 13.5, 18],
			"to": [8.5, 14.5, 28],
			"rotation": {"angle": 22.5, "axis": "x", "origin": [0, 0, 0]},
			"faces": {
				"north": {"uv": [10.5, 11.5, 11, 12], "texture": "#40"},
				"east": {"uv": [6, 5, 11, 5.5], "texture": "#40"},
				"south": {"uv": [0, 12, 0.5, 12.5], "texture": "#40"},
				"west": {"uv": [5.5, 6, 10.5, 6.5], "texture": "#40"},
				"up": {"uv": [6, 11.5, 5.5, 6.5], "texture": "#40"},
				"down": {"uv": [6.5, 6.5, 6, 11.5], "texture": "#40"}
			}
		},
		{
			"from": [7, 1.25, 31.25],
			"to": [9, 3.25, 31.5],
			"faces": {
				"north": {"uv": [2.5, 10.5, 3.5, 11.5], "texture": "#40"},
				"east": {"uv": [0.5, 12, 0.75, 13], "texture": "#40"},
				"south": {"uv": [10.5, 4, 11.5, 5], "texture": "#40"},
				"west": {"uv": [1, 12, 1.25, 13], "texture": "#40"},
				"up": {"uv": [13, 2.25, 12, 2], "texture": "#40"},
				"down": {"uv": [13, 3.5, 12, 3.75], "texture": "#40"}
			}
		},
		{
			"from": [7, 3.25, 31.25],
			"to": [7.5, 5.25, 31.5],
			"faces": {
				"north": {"uv": [4, 12, 4.25, 13], "texture": "#40"},
				"east": {"uv": [12, 4, 12.25, 5], "texture": "#40"},
				"south": {"uv": [7, 12, 7.25, 13], "texture": "#40"},
				"west": {"uv": [8, 12, 8.25, 13], "texture": "#40"},
				"up": {"uv": [13.75, 3.75, 13.5, 3.5], "texture": "#40"},
				"down": {"uv": [4.25, 13.5, 4, 13.75], "texture": "#40"}
			}
		},
		{
			"from": [7, -0.75, 31.25],
			"to": [7.5, 1.25, 31.5],
			"faces": {
				"north": {"uv": [12, 9.5, 12.25, 10.5], "texture": "#40"},
				"east": {"uv": [10.5, 12, 10.75, 13], "texture": "#40"},
				"south": {"uv": [11, 12, 11.25, 13], "texture": "#40"},
				"west": {"uv": [11.5, 12, 11.75, 13], "texture": "#40"},
				"up": {"uv": [13.75, 4.25, 13.5, 4], "texture": "#40"},
				"down": {"uv": [4.75, 13.5, 4.5, 13.75], "texture": "#40"}
			}
		},
		{
			"from": [8.5, -0.75, 31.25],
			"to": [9, 1.25, 31.5],
			"faces": {
				"north": {"uv": [12, 12, 12.25, 13], "texture": "#40"},
				"east": {"uv": [0, 12.5, 0.25, 13.5], "texture": "#40"},
				"south": {"uv": [2, 12.5, 2.25, 13.5], "texture": "#40"},
				"west": {"uv": [12.5, 4, 12.75, 5], "texture": "#40"},
				"up": {"uv": [13.75, 4.75, 13.5, 4.5], "texture": "#40"},
				"down": {"uv": [5.25, 13.5, 5, 13.75], "texture": "#40"}
			}
		},
		{
			"from": [8.5, 3.25, 31.25],
			"to": [9, 5.25, 31.5],
			"faces": {
				"north": {"uv": [4.5, 12.5, 4.75, 13.5], "texture": "#40"},
				"east": {"uv": [5, 12.5, 5.25, 13.5], "texture": "#40"},
				"south": {"uv": [12.5, 5, 12.75, 6], "texture": "#40"},
				"west": {"uv": [12.5, 6.5, 12.75, 7.5], "texture": "#40"},
				"up": {"uv": [13.75, 5.25, 13.5, 5], "texture": "#40"},
				"down": {"uv": [5.75, 13.5, 5.5, 13.75], "texture": "#40"}
			}
		},
		{
			"from": [7.5, 4.75, 31.25],
			"to": [8.5, 5.25, 31.5],
			"faces": {
				"north": {"uv": [13, 5.5, 13.5, 5.75], "texture": "#40"},
				"east": {"uv": [13.5, 5.5, 13.75, 5.75], "texture": "#40"},
				"south": {"uv": [6, 13, 6.5, 13.25], "texture": "#40"},
				"west": {"uv": [6, 13.5, 6.25, 13.75], "texture": "#40"},
				"up": {"uv": [7, 13.25, 6.5, 13], "texture": "#40"},
				"down": {"uv": [13.5, 6.5, 13, 6.75], "texture": "#40"}
			}
		},
		{
			"from": [7.5, -0.75, 31.25],
			"to": [8.5, -0.25, 31.5],
			"faces": {
				"north": {"uv": [7, 13, 7.5, 13.25], "texture": "#40"},
				"east": {"uv": [13.5, 6, 13.75, 6.25], "texture": "#40"},
				"south": {"uv": [13, 7, 13.5, 7.25], "texture": "#40"},
				"west": {"uv": [6.5, 13.5, 6.75, 13.75], "texture": "#40"},
				"up": {"uv": [13.5, 7.75, 13, 7.5], "texture": "#40"},
				"down": {"uv": [8.5, 13, 8, 13.25], "texture": "#40"}
			}
		},
		{
			"from": [6.875, 4.875, 22],
			"to": [9.125, 7.125, 22.5],
			"faces": {
				"north": {"uv": [8.5, 6.5, 9.75, 7.75], "texture": "#40"},
				"east": {"uv": [10, 11, 10.25, 12.25], "texture": "#40"},
				"south": {"uv": [8.5, 8, 9.75, 9.25], "texture": "#40"},
				"west": {"uv": [11, 10.5, 11.25, 11.75], "texture": "#40"},
				"up": {"uv": [1.25, 11.75, 0, 11.5], "texture": "#40"},
				"down": {"uv": [12.75, 0, 11.5, 0.25], "texture": "#40"}
			}
		},
		{
			"from": [7.25, 4, 10],
			"to": [8.75, 5, 22],
			"faces": {
				"north": {"uv": [9.5, 4, 10.25, 4.5], "texture": "#40"},
				"east": {"uv": [4, 2, 10, 2.5], "texture": "#40"},
				"south": {"uv": [11, 2, 11.75, 2.5], "texture": "#40"},
				"west": {"uv": [4, 2.5, 10, 3], "texture": "#40"},
				"up": {"uv": [2.75, 8, 2, 2], "texture": "#40"},
				"down": {"uv": [3.75, 2, 3, 8], "texture": "#40"}
			}
		},
		{
			"from": [7.125, 1.875, 22],
			"to": [8.875, 4.875, 22.5],
			"faces": {
				"north": {"uv": [7.5, 9.5, 8.5, 11], "texture": "#40"},
				"east": {"uv": [4.5, 11, 4.75, 12.5], "texture": "#40"},
				"south": {"uv": [8.5, 9.5, 9.5, 11], "texture": "#40"},
				"west": {"uv": [5, 11, 5.25, 12.5], "texture": "#40"},
				"up": {"uv": [12.5, 11.25, 11.5, 11], "texture": "#40"},
				"down": {"uv": [12.5, 11.5, 11.5, 11.75], "texture": "#40"}
			}
		},
		{
			"from": [7.5, 2, 19],
			"to": [8.5, 4, 19.5],
			"faces": {
				"north": {"uv": [3.5, 10.5, 4, 11.5], "texture": "#40"},
				"east": {"uv": [7.5, 11.5, 7.75, 12.5], "texture": "#40"},
				"south": {"uv": [10.5, 10.5, 11, 11.5], "texture": "#40"},
				"west": {"uv": [8.5, 11.5, 8.75, 12.5], "texture": "#40"},
				"up": {"uv": [13.5, 3.75, 13, 3.5], "texture": "#40"},
				"down": {"uv": [4.5, 13, 4, 13.25], "texture": "#40"}
			}
		},
		{
			"from": [7.5, 2, 19.5],
			"to": [8.5, 2.5, 21.5],
			"faces": {
				"north": {"uv": [13, 5, 13.5, 5.25], "texture": "#40"},
				"east": {"uv": [11.5, 7.5, 12.5, 7.75], "texture": "#40"},
				"south": {"uv": [5.5, 13, 6, 13.25], "texture": "#40"},
				"west": {"uv": [11.5, 10.5, 12.5, 10.75], "texture": "#40"},
				"up": {"uv": [11.5, 4, 11, 3], "texture": "#40"},
				"down": {"uv": [4.5, 11, 4, 12], "texture": "#40"}
			}
		},
		{
			"from": [7.5, 2, 21.5],
			"to": [8.5, 4, 22],
			"faces": {
				"north": {"uv": [11, 0, 11.5, 1], "texture": "#40"},
				"east": {"uv": [9, 11.5, 9.25, 12.5], "texture": "#40"},
				"south": {"uv": [11, 1, 11.5, 2], "texture": "#40"},
				"west": {"uv": [9.5, 11.5, 9.75, 12.5], "texture": "#40"},
				"up": {"uv": [13.5, 4.25, 13, 4], "texture": "#40"},
				"down": {"uv": [13.5, 4.5, 13, 4.75], "texture": "#40"}
			}
		},
		{
			"from": [7.5, 3, 21],
			"to": [8.5, 4, 21.125],
			"faces": {
				"north": {"uv": [13, 0, 13.5, 0.5], "texture": "#40"},
				"east": {"uv": [2.5, 13.5, 2.75, 14], "texture": "#40"},
				"south": {"uv": [0.5, 13, 1, 13.5], "texture": "#40"},
				"west": {"uv": [13.5, 2.5, 13.75, 3], "texture": "#40"},
				"up": {"uv": [3.5, 13.75, 3, 13.5], "texture": "#40"},
				"down": {"uv": [14, 3, 13.5, 3.25], "texture": "#40"}
			}
		},
		{
			"from": [7.25, 3.5, 12],
			"to": [8.75, 4, 18],
			"faces": {
				"north": {"uv": [13, 1, 13.75, 1.25], "texture": "#40"},
				"east": {"uv": [10, 2.5, 13, 2.75], "texture": "#40"},
				"south": {"uv": [13, 1.5, 13.75, 1.75], "texture": "#40"},
				"west": {"uv": [10.5, 6, 13.5, 6.25], "texture": "#40"},
				"up": {"uv": [7.25, 9.5, 6.5, 6.5], "texture": "#40"},
				"down": {"uv": [8.25, 6.5, 7.5, 9.5], "texture": "#40"}
			}
		},
		{
			"from": [7.25, 3, 14],
			"to": [8.75, 3.5, 17],
			"faces": {
				"north": {"uv": [13, 2, 13.75, 2.25], "texture": "#40"},
				"east": {"uv": [6.5, 11, 8, 11.25], "texture": "#40"},
				"south": {"uv": [2.5, 13, 3.25, 13.25], "texture": "#40"},
				"west": {"uv": [11, 6.5, 12.5, 6.75], "texture": "#40"},
				"up": {"uv": [10.75, 1.5, 10, 0], "texture": "#40"},
				"down": {"uv": [1.75, 10, 1, 11.5], "texture": "#40"}
			}
		},
		{
			"from": [7.25, 4.5, 7],
			"to": [8.75, 5, 10],
			"faces": {
				"north": {"uv": [13, 0.5, 13.75, 0.75], "texture": "#40"},
				"east": {"uv": [11, 5, 12.5, 5.25], "texture": "#40"},
				"south": {"uv": [1, 13, 1.75, 13.25], "texture": "#40"},
				"west": {"uv": [11, 5.5, 12.5, 5.75], "texture": "#40"},
				"up": {"uv": [10.25, 11, 9.5, 9.5], "texture": "#40"},
				"down": {"uv": [0.75, 10, 0, 11.5], "texture": "#40"}
			}
		},
		{
			"from": [7, 5, -1],
			"to": [9, 7, 2],
			"faces": {
				"north": {"uv": [10, 7.5, 11, 8.5], "texture": "#40"},
				"east": {"uv": [2.5, 9.5, 4, 10.5], "texture": "#40"},
				"south": {"uv": [10, 8.5, 11, 9.5], "texture": "#40"},
				"west": {"uv": [9.5, 3, 11, 4], "texture": "#40"},
				"up": {"uv": [5, 11, 4, 9.5], "texture": "#40"},
				"down": {"uv": [7.5, 9.5, 6.5, 11], "texture": "#40"}
			}
		},
		{
			"from": [7.5, 5.5, -7],
			"to": [8.5, 6.5, -1],
			"faces": {
				"north": {"uv": [7, 11.5, 7.5, 12], "texture": "#40"},
				"east": {"uv": [6, 5.5, 9, 6], "texture": "#40"},
				"south": {"uv": [11.5, 7, 12, 7.5], "texture": "#40"},
				"west": {"uv": [7.5, 4.5, 10.5, 5], "texture": "#40"},
				"up": {"uv": [5.5, 11, 5, 8], "texture": "#40"},
				"down": {"uv": [2.5, 9.5, 2, 12.5], "texture": "#40"}
			}
		},
		{
			"from": [6.875, 4.875, 2],
			"to": [9.125, 7.125, 6],
			"faces": {
				"north": {"uv": [2, 8, 3.25, 9.25], "texture": "#40"},
				"east": {"uv": [4, 3, 6, 4.25], "texture": "#40"},
				"south": {"uv": [3.5, 8, 4.75, 9.25], "texture": "#40"},
				"west": {"uv": [4, 4.5, 6, 5.75], "texture": "#40"},
				"up": {"uv": [7.25, 5, 6, 3], "texture": "#40"},
				"down": {"uv": [5.25, 6, 4, 8], "texture": "#40"}
			}
		},
		{
			"from": [3.3875, 5.5, 2.75],
			"to": [6.8875, 6.5, 5.25],
			"faces": {
				"north": {"uv": [8, 1.5, 9.75, 2], "texture": "#40"},
				"east": {"uv": [10.5, 9.5, 11.75, 10], "texture": "#40"},
				"south": {"uv": [9, 5.5, 10.75, 6], "texture": "#40"},
				"west": {"uv": [10.5, 10, 11.75, 10.5], "texture": "#40"},
				"up": {"uv": [9.25, 4.25, 7.5, 3], "texture": "#40"},
				"down": {"uv": [9.75, 0, 8, 1.25], "texture": "#40"}
			}
		},
		{
			"from": [3.75, 5.625, 2],
			"to": [4, 6.375, 2.75],
			"faces": {
				"north": {"uv": [0.5, 13.5, 0.75, 14], "texture": "#40"},
				"east": {"uv": [12.5, 12, 13, 12.5], "texture": "#40"},
				"south": {"uv": [1, 13.5, 1.25, 14], "texture": "#40"},
				"west": {"uv": [12.5, 12.5, 13, 13], "texture": "#40"},
				"up": {"uv": [1.75, 14, 1.5, 13.5], "texture": "#40"},
				"down": {"uv": [2.25, 13.5, 2, 14], "texture": "#40"}
			}
		},
		{
			"from": [4, 5.75, 2.125],
			"to": [4.25, 6.25, 2.625],
			"faces": {
				"north": {"uv": [13.5, 11.5, 13.75, 11.75], "texture": "#40"},
				"east": {"uv": [12, 13.5, 12.25, 13.75], "texture": "#40"},
				"south": {"uv": [13.5, 12, 13.75, 12.25], "texture": "#40"},
				"west": {"uv": [12.5, 13.5, 12.75, 13.75], "texture": "#40"},
				"up": {"uv": [13.75, 12.75, 13.5, 12.5], "texture": "#40"},
				"down": {"uv": [13.25, 13.5, 13, 13.75], "texture": "#40"}
			}
		},
		{
			"from": [4.25, 5.8625, 2.1875],
			"to": [7.25, 6.2375, 2.5625],
			"faces": {
				"north": {"uv": [11, 8, 12.5, 8.25], "texture": "#40"},
				"east": {"uv": [13.5, 13, 13.75, 13.25], "texture": "#40"},
				"south": {"uv": [8.5, 11, 10, 11.25], "texture": "#40"},
				"west": {"uv": [13.5, 13.5, 13.75, 13.75], "texture": "#40"},
				"up": {"uv": [12.5, 8.75, 11, 8.5], "texture": "#40"},
				"down": {"uv": [12.5, 9, 11, 9.25], "texture": "#40"}
			}
		},
		{
			"from": [5.3875, 6.5, 4.75],
			"to": [6.1375, 7.25, 5],
			"faces": {
				"north": {"uv": [12, 7, 12.5, 7.5], "texture": "#40"},
				"east": {"uv": [13, 11.5, 13.25, 12], "texture": "#40"},
				"south": {"uv": [12.5, 10.5, 13, 11], "texture": "#40"},
				"west": {"uv": [12, 13, 12.25, 13.5], "texture": "#40"},
				"up": {"uv": [13.5, 12.25, 13, 12], "texture": "#40"},
				"down": {"uv": [13, 13, 12.5, 13.25], "texture": "#40"}
			}
		},
		{
			"from": [5.3875, 7, 4],
			"to": [6.1375, 7.25, 4.75],
			"faces": {
				"north": {"uv": [13, 12.5, 13.5, 12.75], "texture": "#40"},
				"east": {"uv": [13, 13, 13.5, 13.25], "texture": "#40"},
				"south": {"uv": [0, 13.5, 0.5, 13.75], "texture": "#40"},
				"west": {"uv": [13.5, 0, 14, 0.25], "texture": "#40"},
				"up": {"uv": [13, 11.5, 12.5, 11], "texture": "#40"},
				"down": {"uv": [13, 11.5, 12.5, 12], "texture": "#40"}
			}
		}
	],
	"display": {
		"thirdperson_righthand": {
			"translation": [0, 3, -3.5],
			"scale": [0.75, 0.75, 0.75]
		},
		"thirdperson_lefthand": {
			"translation": [0, 3, -3.5],
			"scale": [0.75, 0.75, 0.75]
		},
		"firstperson_righthand": {
			"rotation": [14, 5, 30],
			"translation": [-5.75, 8.25, -0.75],
			"scale": [0.75, 0.75, 0.75]
		},
		"firstperson_lefthand": {
			"rotation": [14, 5, 30],
			"translation": [-5.75, 8.25, -0.75],
			"scale": [0.75, 0.75, 0.75]
		},
		"ground": {
			"rotation": [0, 0, -90],
			"translation": [0, -2.5, 0],
			"scale": [0.75, 0.75, 0.75]
		},
		"gui": {
			"rotation": [0, 90, 0],
			"scale": [0.75, 0.75, 0.75]
		},
		"head": {
			"rotation": [0, 180, 0],
			"translation": [0, 3.25, -19],
			"scale": [0.75, 0.75, 0.75]
		},
		"fixed": {
			"rotation": [0, -90, 0],
			"scale": [0.75, 0.75, 0.75]
		}
	}
}