{
	"credit": "Made with Blockbench",
	"texture_size": [32, 32],
	"textures": {
		"39": "item/fightwithguns/stengun",
		"particle": "item/fightwithguns/stengun"
	},
	"elements": [
		{
			"from": [7, 5, 6],
			"to": [9, 7, 22],
			"faces": {
				"north": {"uv": [11, 0, 12, 1], "texture": "#39"},
				"east": {"uv": [0, 0, 8, 1], "texture": "#39"},
				"south": {"uv": [11, 1, 12, 2], "texture": "#39"},
				"west": {"uv": [0, 1, 8, 2], "texture": "#39"},
				"up": {"uv": [1, 10, 0, 2], "texture": "#39"},
				"down": {"uv": [2, 2, 1, 10], "texture": "#39"}
			}
		},
		{
			"from": [10, 2.75, 12],
			"to": [12.5, 3.25, 12.5],
			"rotation": {"angle": 22.5, "axis": "z", "origin": [0, 0, 0]},
			"faces": {
				"north": {"uv": [0.5, 12, 1.75, 12.25], "texture": "#39"},
				"east": {"uv": [8, 13.5, 8.25, 13.75], "texture": "#39"},
				"south": {"uv": [12, 1, 13.25, 1.25], "texture": "#39"},
				"west": {"uv": [13.5, 8, 13.75, 8.25], "texture": "#39"},
				"up": {"uv": [13.25, 1.75, 12, 1.5], "texture": "#39"},
				"down": {"uv": [3.25, 12, 2, 12.25], "texture": "#39"}
			}
		},
		{
			"from": [7.875, 3.5, 22.5],
			"to": [8.125, 5.5, 23],
			"faces": {
				"north": {"uv": [13.5, 1.5, 13.625, 2.5], "texture": "#39"},
				"east": {"uv": [0.5, 12.5, 0.75, 13.5], "texture": "#39"},
				"south": {"uv": [2, 13.5, 2.125, 14.5], "texture": "#39"},
				"west": {"uv": [1, 12.5, 1.25, 13.5], "texture": "#39"},
				"up": {"uv": [10.125, 14.25, 10, 14], "texture": "#39"},
				"down": {"uv": [14.125, 10, 14, 10.25], "texture": "#39"}
			}
		},
		{
			"from": [7.875, 2.5, 24.5],
			"to": [8.125, 4.5, 25],
			"faces": {
				"north": {"uv": [13.5, 2.5, 13.625, 3.5], "texture": "#39"},
				"east": {"uv": [1.5, 12.5, 1.75, 13.5], "texture": "#39"},
				"south": {"uv": [3.5, 13.5, 3.625, 14.5], "texture": "#39"},
				"west": {"uv": [2, 12.5, 2.25, 13.5], "texture": "#39"},
				"up": {"uv": [10.625, 14.25, 10.5, 14], "texture": "#39"},
				"down": {"uv": [14.125, 10.5, 14, 10.75], "texture": "#39"}
			}
		},
		{
			"from": [7.875, 11.5, 19.5],
			"to": [8.125, 12, 22.125],
			"rotation": {"angle": 22.5, "axis": "x", "origin": [0, 0, 0]},
			"faces": {
				"north": {"uv": [11, 14, 11.125, 14.25], "texture": "#39"},
				"east": {"uv": [11.5, 9.5, 12.875, 9.75], "texture": "#39"},
				"south": {"uv": [14, 11, 14.125, 11.25], "texture": "#39"},
				"west": {"uv": [11.5, 10.5, 12.875, 10.75], "texture": "#39"},
				"up": {"uv": [3.125, 13.875, 3, 12.5], "texture": "#39"},
				"down": {"uv": [10.125, 12.5, 10, 13.875], "texture": "#39"}
			}
		},
		{
			"from": [7.875, 13, 19.125],
			"to": [8.125, 13.5, 21.75],
			"rotation": {"angle": 22.5, "axis": "x", "origin": [0, 0, 0]},
			"faces": {
				"north": {"uv": [11.5, 14, 11.625, 14.25], "texture": "#39"},
				"east": {"uv": [11.5, 11, 12.875, 11.25], "texture": "#39"},
				"south": {"uv": [14, 11.5, 14.125, 11.75], "texture": "#39"},
				"west": {"uv": [11.5, 11.5, 12.875, 11.75], "texture": "#39"},
				"up": {"uv": [13.125, 3.375, 13, 2], "texture": "#39"},
				"down": {"uv": [2.625, 13, 2.5, 14.375], "texture": "#39"}
			}
		},
		{
			"from": [7.5, 7, 21],
			"to": [8.5, 8.25, 21.25],
			"faces": {
				"north": {"uv": [10, 11.5, 10.5, 12.125], "texture": "#39"},
				"east": {"uv": [13.5, 5, 13.625, 5.625], "texture": "#39"},
				"south": {"uv": [12, 0, 12.5, 0.625], "texture": "#39"},
				"west": {"uv": [5.5, 13.5, 5.625, 14.125], "texture": "#39"},
				"up": {"uv": [8, 13.625, 7.5, 13.5], "texture": "#39"},
				"down": {"uv": [14, 7.5, 13.5, 7.625], "texture": "#39"}
			}
		},
		{
			"from": [7.5, 8.25, 21],
			"to": [7.875, 9, 21.25],
			"faces": {
				"north": {"uv": [13.5, 3.5, 13.75, 3.875], "texture": "#39"},
				"east": {"uv": [13.5, 12.5, 13.625, 12.875], "texture": "#39"},
				"south": {"uv": [4, 13.5, 4.25, 13.875], "texture": "#39"},
				"west": {"uv": [13.5, 13, 13.625, 13.375], "texture": "#39"},
				"up": {"uv": [8.25, 14.125, 8, 14], "texture": "#39"},
				"down": {"uv": [14.25, 8, 14, 8.125], "texture": "#39"}
			}
		},
		{
			"from": [8.125, 8.25, 21],
			"to": [8.5, 9, 21.25],
			"faces": {
				"north": {"uv": [13.5, 4, 13.75, 4.375], "texture": "#39"},
				"east": {"uv": [13.5, 13.5, 13.625, 13.875], "texture": "#39"},
				"south": {"uv": [13.5, 4.5, 13.75, 4.875], "texture": "#39"},
				"west": {"uv": [14, 0, 14.125, 0.375], "texture": "#39"},
				"up": {"uv": [8.75, 14.125, 8.5, 14], "texture": "#39"},
				"down": {"uv": [14.25, 8.5, 14, 8.625], "texture": "#39"}
			}
		},
		{
			"from": [7.875, 8.625, 21],
			"to": [8.125, 9, 21.25],
			"faces": {
				"north": {"uv": [9, 14, 9.125, 14.25], "texture": "#39"},
				"east": {"uv": [14, 9, 14.125, 9.25], "texture": "#39"},
				"south": {"uv": [9.5, 14, 9.625, 14.25], "texture": "#39"},
				"west": {"uv": [14, 9.5, 14.125, 9.75], "texture": "#39"},
				"up": {"uv": [13.125, 14.125, 13, 14], "texture": "#39"},
				"down": {"uv": [14.125, 13, 14, 13.125], "texture": "#39"}
			}
		},
		{
			"from": [7.5, 13.5, 18],
			"to": [8.5, 14.5, 28],
			"rotation": {"angle": 22.5, "axis": "x", "origin": [0, 0, 0]},
			"faces": {
				"north": {"uv": [8, 12, 8.5, 12.5], "texture": "#39"},
				"east": {"uv": [4, 5, 9, 5.5], "texture": "#39"},
				"south": {"uv": [8.5, 12, 9, 12.5], "texture": "#39"},
				"west": {"uv": [4, 5.5, 9, 6], "texture": "#39"},
				"up": {"uv": [4.5, 11, 4, 6], "texture": "#39"},
				"down": {"uv": [5, 6, 4.5, 11], "texture": "#39"}
			}
		},
		{
			"from": [7, 1.25, 31.25],
			"to": [9, 3.25, 31.5],
			"faces": {
				"north": {"uv": [3.5, 11, 4.5, 12], "texture": "#39"},
				"east": {"uv": [9, 13, 9.125, 14], "texture": "#39"},
				"south": {"uv": [4.5, 11, 5.5, 12], "texture": "#39"},
				"west": {"uv": [13, 9, 13.125, 10], "texture": "#39"},
				"up": {"uv": [11.5, 13.125, 10.5, 13], "texture": "#39"},
				"down": {"uv": [14, 10.5, 13, 10.625], "texture": "#39"}
			}
		},
		{
			"from": [7, 3.25, 31.25],
			"to": [7.5, 5.25, 31.5],
			"faces": {
				"north": {"uv": [9, 12, 9.25, 13], "texture": "#39"},
				"east": {"uv": [9.5, 13, 9.625, 14], "texture": "#39"},
				"south": {"uv": [9.5, 12, 9.75, 13], "texture": "#39"},
				"west": {"uv": [13, 11, 13.125, 12], "texture": "#39"},
				"up": {"uv": [14.25, 4.125, 14, 4], "texture": "#39"},
				"down": {"uv": [14.25, 4.5, 14, 4.625], "texture": "#39"}
			}
		},
		{
			"from": [7, -0.75, 31.25],
			"to": [7.5, 1.25, 31.5],
			"faces": {
				"north": {"uv": [10.5, 12, 10.75, 13], "texture": "#39"},
				"east": {"uv": [11.5, 13, 11.625, 14], "texture": "#39"},
				"south": {"uv": [11, 12, 11.25, 13], "texture": "#39"},
				"west": {"uv": [12, 13, 12.125, 14], "texture": "#39"},
				"up": {"uv": [14.25, 5.125, 14, 5], "texture": "#39"},
				"down": {"uv": [14.25, 5.5, 14, 5.625], "texture": "#39"}
			}
		},
		{
			"from": [8.5, -0.75, 31.25],
			"to": [9, 1.25, 31.5],
			"faces": {
				"north": {"uv": [11.5, 12, 11.75, 13], "texture": "#39"},
				"east": {"uv": [12.5, 13, 12.625, 14], "texture": "#39"},
				"south": {"uv": [12, 12, 12.25, 13], "texture": "#39"},
				"west": {"uv": [13, 13, 13.125, 14], "texture": "#39"},
				"up": {"uv": [6.25, 14.125, 6, 14], "texture": "#39"},
				"down": {"uv": [14.25, 6, 14, 6.125], "texture": "#39"}
			}
		},
		{
			"from": [8.5, 3.25, 31.25],
			"to": [9, 5.25, 31.5],
			"faces": {
				"north": {"uv": [0, 12.5, 0.25, 13.5], "texture": "#39"},
				"east": {"uv": [0, 13.5, 0.125, 14.5], "texture": "#39"},
				"south": {"uv": [12.5, 0, 12.75, 1], "texture": "#39"},
				"west": {"uv": [13.5, 0, 13.625, 1], "texture": "#39"},
				"up": {"uv": [6.75, 14.125, 6.5, 14], "texture": "#39"},
				"down": {"uv": [14.25, 6.5, 14, 6.625], "texture": "#39"}
			}
		},
		{
			"from": [7.5, 4.75, 31.25],
			"to": [8.5, 5.25, 31.5],
			"faces": {
				"north": {"uv": [0.5, 13.5, 1, 13.75], "texture": "#39"},
				"east": {"uv": [7, 14, 7.125, 14.25], "texture": "#39"},
				"south": {"uv": [1, 13.5, 1.5, 13.75], "texture": "#39"},
				"west": {"uv": [14, 7, 14.125, 7.25], "texture": "#39"},
				"up": {"uv": [6.5, 13.625, 6, 13.5], "texture": "#39"},
				"down": {"uv": [14, 6, 13.5, 6.125], "texture": "#39"}
			}
		},
		{
			"from": [7.5, -0.75, 31.25],
			"to": [8.5, -0.25, 31.5],
			"faces": {
				"north": {"uv": [13.5, 1, 14, 1.25], "texture": "#39"},
				"east": {"uv": [7.5, 14, 7.625, 14.25], "texture": "#39"},
				"south": {"uv": [1.5, 13.5, 2, 13.75], "texture": "#39"},
				"west": {"uv": [14, 7.5, 14.125, 7.75], "texture": "#39"},
				"up": {"uv": [7, 13.625, 6.5, 13.5], "texture": "#39"},
				"down": {"uv": [7.5, 13.5, 7, 13.625], "texture": "#39"}
			}
		},
		{
			"from": [6.875, 4.875, 22],
			"to": [9.125, 7.125, 22.5],
			"faces": {
				"north": {"uv": [9.5, 9, 10.625, 10.125], "texture": "#39"},
				"east": {"uv": [3.5, 12, 3.75, 13.125], "texture": "#39"},
				"south": {"uv": [0, 10, 1.125, 11.125], "texture": "#39"},
				"west": {"uv": [4, 12, 4.25, 13.125], "texture": "#39"},
				"up": {"uv": [13.125, 4.25, 12, 4], "texture": "#39"},
				"down": {"uv": [13.125, 4.5, 12, 4.75], "texture": "#39"}
			}
		},
		{
			"from": [7.25, 4, 10],
			"to": [8.75, 5, 22],
			"faces": {
				"north": {"uv": [11, 10, 11.75, 10.5], "texture": "#39"},
				"east": {"uv": [4, 2, 10, 2.5], "texture": "#39"},
				"south": {"uv": [0.5, 11.5, 1.25, 12], "texture": "#39"},
				"west": {"uv": [4, 2.5, 10, 3], "texture": "#39"},
				"up": {"uv": [2.75, 8, 2, 2], "texture": "#39"},
				"down": {"uv": [3.75, 2, 3, 8], "texture": "#39"}
			}
		},
		{
			"from": [7.125, 1.875, 22],
			"to": [8.875, 4.875, 22.5],
			"faces": {
				"north": {"uv": [9.5, 5, 10.375, 6.5], "texture": "#39"},
				"east": {"uv": [11.5, 4, 11.75, 5.5], "texture": "#39"},
				"south": {"uv": [6, 9.5, 6.875, 11], "texture": "#39"},
				"west": {"uv": [5.5, 11.5, 5.75, 13], "texture": "#39"},
				"up": {"uv": [13.375, 5.75, 12.5, 5.5], "texture": "#39"},
				"down": {"uv": [7.875, 12.5, 7, 12.75], "texture": "#39"}
			}
		},
		{
			"from": [7.5, 2, 19],
			"to": [8.5, 4, 19.5],
			"faces": {
				"north": {"uv": [1.5, 10, 2, 11], "texture": "#39"},
				"east": {"uv": [4.5, 12, 4.75, 13], "texture": "#39"},
				"south": {"uv": [10, 2, 10.5, 3], "texture": "#39"},
				"west": {"uv": [5, 12, 5.25, 13], "texture": "#39"},
				"up": {"uv": [13.5, 6.25, 13, 6], "texture": "#39"},
				"down": {"uv": [7, 13, 6.5, 13.25], "texture": "#39"}
			}
		},
		{
			"from": [7.5, 2, 19.5],
			"to": [8.5, 2.5, 21.5],
			"faces": {
				"north": {"uv": [8, 13, 8.5, 13.25], "texture": "#39"},
				"east": {"uv": [12, 5, 13, 5.25], "texture": "#39"},
				"south": {"uv": [8.5, 13, 9, 13.25], "texture": "#39"},
				"west": {"uv": [7, 12, 8, 12.25], "texture": "#39"},
				"up": {"uv": [11.5, 12, 11, 11], "texture": "#39"},
				"down": {"uv": [0.5, 11.5, 0, 12.5], "texture": "#39"}
			}
		},
		{
			"from": [7.5, 2, 21.5],
			"to": [8.5, 4, 22],
			"faces": {
				"north": {"uv": [11, 9, 11.5, 10], "texture": "#39"},
				"east": {"uv": [6, 12, 6.25, 13], "texture": "#39"},
				"south": {"uv": [10.5, 11, 11, 12], "texture": "#39"},
				"west": {"uv": [6.5, 12, 6.75, 13], "texture": "#39"},
				"up": {"uv": [7.5, 13.25, 7, 13], "texture": "#39"},
				"down": {"uv": [8, 13, 7.5, 13.25], "texture": "#39"}
			}
		},
		{
			"from": [7.5, 3, 21],
			"to": [8.5, 4, 21.125],
			"faces": {
				"north": {"uv": [12, 10, 12.5, 10.5], "texture": "#39"},
				"east": {"uv": [11, 13.5, 11.125, 14], "texture": "#39"},
				"south": {"uv": [2.5, 12.5, 3, 13], "texture": "#39"},
				"west": {"uv": [13.5, 11, 13.625, 11.5], "texture": "#39"},
				"up": {"uv": [14, 11.625, 13.5, 11.5], "texture": "#39"},
				"down": {"uv": [14, 12, 13.5, 12.125], "texture": "#39"}
			}
		},
		{
			"from": [7.25, 3.5, 12],
			"to": [8.75, 4, 18],
			"faces": {
				"north": {"uv": [12.5, 8.5, 13.25, 8.75], "texture": "#39"},
				"east": {"uv": [11, 6.5, 14, 6.75], "texture": "#39"},
				"south": {"uv": [12.5, 10, 13.25, 10.25], "texture": "#39"},
				"west": {"uv": [11, 7, 14, 7.25], "texture": "#39"},
				"up": {"uv": [2.75, 11, 2, 8], "texture": "#39"},
				"down": {"uv": [3.75, 8, 3, 11], "texture": "#39"}
			}
		},
		{
			"from": [7.25, 3, 14],
			"to": [8.75, 3.5, 17],
			"faces": {
				"north": {"uv": [12.5, 12, 13.25, 12.25], "texture": "#39"},
				"east": {"uv": [11.5, 3, 13, 3.25], "texture": "#39"},
				"south": {"uv": [12.5, 12.5, 13.25, 12.75], "texture": "#39"},
				"west": {"uv": [11.5, 3.5, 13, 3.75], "texture": "#39"},
				"up": {"uv": [11.25, 5, 10.5, 3.5], "texture": "#39"},
				"down": {"uv": [11.25, 5, 10.5, 6.5], "texture": "#39"}
			}
		},
		{
			"from": [7.25, 4.5, 7],
			"to": [8.75, 5, 10],
			"faces": {
				"north": {"uv": [12.5, 7.5, 13.25, 7.75], "texture": "#39"},
				"east": {"uv": [11.5, 2, 13, 2.25], "texture": "#39"},
				"south": {"uv": [8, 12.5, 8.75, 12.75], "texture": "#39"},
				"west": {"uv": [11.5, 2.5, 13, 2.75], "texture": "#39"},
				"up": {"uv": [10.75, 1.5, 10, 0], "texture": "#39"},
				"down": {"uv": [11.25, 2, 10.5, 3.5], "texture": "#39"}
			}
		},
		{
			"from": [7, 5, -1],
			"to": [9, 7, 2],
			"faces": {
				"north": {"uv": [1.5, 11, 2.5, 12], "texture": "#39"},
				"east": {"uv": [9, 3, 10.5, 4], "texture": "#39"},
				"south": {"uv": [2.5, 11, 3.5, 12], "texture": "#39"},
				"west": {"uv": [9, 8, 10.5, 9], "texture": "#39"},
				"up": {"uv": [9.5, 10.5, 8.5, 9], "texture": "#39"},
				"down": {"uv": [6, 9.5, 5, 11], "texture": "#39"}
			}
		},
		{
			"from": [7.5, 5.5, -7],
			"to": [8.5, 6.5, -1],
			"faces": {
				"north": {"uv": [6.5, 7.5, 7, 8], "texture": "#39"},
				"east": {"uv": [7, 4.5, 10, 5], "texture": "#39"},
				"south": {"uv": [10, 4.5, 10.5, 5], "texture": "#39"},
				"west": {"uv": [8, 1.5, 11, 2], "texture": "#39"},
				"up": {"uv": [9, 9, 8.5, 6], "texture": "#39"},
				"down": {"uv": [9.5, 5, 9, 8], "texture": "#39"}
			}
		},
		{
			"from": [6.875, 4.875, 2],
			"to": [9.125, 7.125, 6],
			"faces": {
				"north": {"uv": [9.5, 6.5, 10.625, 7.625], "texture": "#39"},
				"east": {"uv": [5, 6, 7, 7.125], "texture": "#39"},
				"south": {"uv": [7, 9.5, 8.125, 10.625], "texture": "#39"},
				"west": {"uv": [7, 3, 9, 4.125], "texture": "#39"},
				"up": {"uv": [8.125, 8, 7, 6], "texture": "#39"},
				"down": {"uv": [6.125, 7.5, 5, 9.5], "texture": "#39"}
			}
		},
		{
			"from": [3.3875, 5.5, 2.75],
			"to": [6.8875, 6.5, 5.25],
			"faces": {
				"north": {"uv": [10.5, 8.5, 12.25, 9], "texture": "#39"},
				"east": {"uv": [9, 4, 10.25, 4.5], "texture": "#39"},
				"south": {"uv": [5.5, 11, 7.25, 11.5], "texture": "#39"},
				"west": {"uv": [7.5, 11, 8.75, 11.5], "texture": "#39"},
				"up": {"uv": [9.75, 1.25, 8, 0], "texture": "#39"},
				"down": {"uv": [8.25, 8, 6.5, 9.25], "texture": "#39"}
			}
		},
		{
			"from": [3.75, 5.625, 2],
			"to": [4, 6.375, 2.75],
			"faces": {
				"north": {"uv": [3, 14, 3.125, 14.375], "texture": "#39"},
				"east": {"uv": [5.5, 13, 5.875, 13.375], "texture": "#39"},
				"south": {"uv": [14, 3, 14.125, 3.375], "texture": "#39"},
				"west": {"uv": [6, 13, 6.375, 13.375], "texture": "#39"},
				"up": {"uv": [14.125, 3.875, 14, 3.5], "texture": "#39"},
				"down": {"uv": [4.125, 14, 4, 14.375], "texture": "#39"}
			}
		},
		{
			"from": [4, 5.75, 2.125],
			"to": [4.25, 6.25, 2.625],
			"faces": {
				"north": {"uv": [12, 14, 12.125, 14.25], "texture": "#39"},
				"east": {"uv": [13.5, 9, 13.75, 9.25], "texture": "#39"},
				"south": {"uv": [14, 12, 14.125, 12.25], "texture": "#39"},
				"west": {"uv": [13.5, 9.5, 13.75, 9.75], "texture": "#39"},
				"up": {"uv": [12.625, 14.25, 12.5, 14], "texture": "#39"},
				"down": {"uv": [14.125, 12.5, 14, 12.75], "texture": "#39"}
			}
		},
		{
			"from": [4.25, 5.8625, 2.1875],
			"to": [7.25, 6.2375, 2.5625],
			"faces": {
				"north": {"uv": [11.5, 6, 13, 6.25], "texture": "#39"},
				"east": {"uv": [13.5, 10, 13.75, 10.25], "texture": "#39"},
				"south": {"uv": [7, 11.5, 8.5, 11.75], "texture": "#39"},
				"west": {"uv": [10.5, 13.5, 10.75, 13.75], "texture": "#39"},
				"up": {"uv": [10, 11.75, 8.5, 11.5], "texture": "#39"},
				"down": {"uv": [13, 9, 11.5, 9.25], "texture": "#39"}
			}
		},
		{
			"from": [5.3875, 6.5, 4.75],
			"to": [6.1375, 7.25, 5],
			"faces": {
				"north": {"uv": [13, 0, 13.375, 0.375], "texture": "#39"},
				"east": {"uv": [0.5, 14, 0.625, 14.375], "texture": "#39"},
				"south": {"uv": [13, 0.5, 13.375, 0.875], "texture": "#39"},
				"west": {"uv": [14, 0.5, 14.125, 0.875], "texture": "#39"},
				"up": {"uv": [1.375, 14.125, 1, 14], "texture": "#39"},
				"down": {"uv": [14.375, 1, 14, 1.125], "texture": "#39"}
			}
		},
		{
			"from": [5.3875, 7, 4],
			"to": [6.1375, 7.25, 4.75],
			"faces": {
				"north": {"uv": [1.5, 14, 1.875, 14.125], "texture": "#39"},
				"east": {"uv": [14, 1.5, 14.375, 1.625], "texture": "#39"},
				"south": {"uv": [14, 2, 14.375, 2.125], "texture": "#39"},
				"west": {"uv": [14, 2.5, 14.375, 2.625], "texture": "#39"},
				"up": {"uv": [13.375, 3.875, 13, 3.5], "texture": "#39"},
				"down": {"uv": [13.375, 5, 13, 5.375], "texture": "#39"}
			}
		},
		{
			"from": [-2.1125, 5.625, 3],
			"to": [3.6375, 6.375, 5],
			"faces": {
				"north": {"uv": [10.5, 8, 13.375, 8.375], "texture": "#39"},
				"east": {"uv": [11.5, 5.5, 12.5, 5.875], "texture": "#39"},
				"south": {"uv": [8.5, 10.5, 11.375, 10.875], "texture": "#39"},
				"west": {"uv": [6, 11.5, 7, 11.875], "texture": "#39"},
				"up": {"uv": [6.875, 4, 4, 3], "texture": "#39"},
				"down": {"uv": [6.875, 4, 4, 5], "texture": "#39"}
			}
		},
		{
			"from": [-2.3625, 5.5, 2.875],
			"to": [-2.1125, 6.5, 5.125],
			"faces": {
				"north": {"uv": [8.5, 13.5, 8.625, 14], "texture": "#39"},
				"east": {"uv": [11, 7.5, 12.125, 8], "texture": "#39"},
				"south": {"uv": [13.5, 8.5, 13.625, 9], "texture": "#39"},
				"west": {"uv": [9, 11, 10.125, 11.5], "texture": "#39"},
				"up": {"uv": [4.625, 14.125, 4.5, 13], "texture": "#39"},
				"down": {"uv": [5.125, 13, 5, 14.125], "texture": "#39"}
			}
		}
	],
	"display": {
		"thirdperson_righthand": {
			"translation": [0, 3, -3.5],
			"scale": [0.75, 0.75, 0.75]
		},
		"thirdperson_lefthand": {
			"translation": [0, 3, -3.5],
			"scale": [0.75, 0.75, 0.75]
		},
		"firstperson_righthand": {
			"rotation": [-95, 82, 98],
			"translation": [-12, 5.75, 4.75],
			"scale": [0.75, 0.75, 0.75]
		},
		"firstperson_lefthand": {
			"rotation": [-95, 82, 98],
			"translation": [-12, 5.75, 4.75],
			"scale": [0.75, 0.75, 0.75]
		},
		"ground": {
			"rotation": [0, 0, -90],
			"translation": [0, -2.5, 0],
			"scale": [0.75, 0.75, 0.75]
		},
		"gui": {
			"rotation": [0, 90, 0],
			"scale": [0.75, 0.75, 0.75]
		},
		"head": {
			"rotation": [0, 180, 0],
			"translation": [0, 3.25, -19],
			"scale": [0.75, 0.75, 0.75]
		},
		"fixed": {
			"rotation": [0, -90, 0],
			"scale": [0.75, 0.75, 0.75]
		}
	}
}