{
    "type": "minecraft:crafting_shaped",
    "category": "misc",
    "pattern": [
      "ICI",
      "IXI",
      "#H#"
    ],
    "key": {
      "#": {
        "item": "minecraft:smooth_stone"
      },
      "I": {
        "item": "minecraft:iron_ingot"
      },
      "X": {
        "item": "minecraft:furnace"
      },
      "C": {
        "item": "minecraft:iron_block"
      },
      "H": [
        {
          "item": "minecraft:oxidized_copper"
        },
        {
          "item": "minecraft:weathered_copper"
        },
        {
          "item": "minecraft:exposed_copper"
        },
        {
          "item": "minecraft:copper_block"
        }
      ]
    },
    "result": {
      "id": "minecraft:blast_furnace",
      "count": 1
    }
  }
  