{
    "type": "minecraft:crafting_shaped",
    "category": "misc",
    "pattern": [
      "CBC",
      "HBH",
      "###"
    ],
    "key": {
      "#": {
        "tag": "minecraft:stone_crafting_materials"
      },
      "B": {
        "item": "minecraft:blaze_rod"
      },
      "C": {
        "item": "minecraft:iron_ingot"
      },
      "H": {
        "item": "minecraft:pointed_dripstone"
      }
    },
    "result": {
      "id": "minecraft:brewing_stand",
      "count": 1
    }
  }
  