{
    "type": "minecraft:crafting_shaped",
    "category": "misc",
    "pattern": [
      "   ",
      " XY",
      " # "
    ],
    "key": {
      "#": {
        "item": "minecraft:stick"
      },
      "X": [
        {
          "item": "minecraft:coal"
        },
        {
          "item": "minecraft:charcoal"
        }
      ],
      "Y": [
        {
          "item": "minecraft:honeycomb"
        },
        {
          "item": "minecraft:paper"
        }
      ]
    },
    "result": {
      "id": "minecraft:torch",
      "count": 2
    }
  }
  