{
    "parent": "item/handheld_rod",
    "textures": {
        "layer0": "item/warped_fungus_on_a_stick"
    },
	"overrides": [
		{ "predicate": {"custom_model_data": 3832001}, "model": "item/halberd/for_axe"},
		{ "predicate": {"custom_model_data": 3832002}, "model": "item/fightwithguns/stengun/normal"},
		{ "predicate": {"custom_model_data": 3832003}, "model": "item/fightwithguns/stengun/sprint"},
		{ "predicate": {"custom_model_data": 3832004}, "model": "item/fightwithguns/stengun/ads"},
		{ "predicate": {"custom_model_data": 3832005}, "model": "item/fightwithguns/stengun/magazine"},
		{ "predicate": {"custom_model_data": 3832006}, "model": "item/fightwithguns/stengun/reload"},
		{ "predicate": {"custom_model_data": 3832007}, "model": "item/dimensional_blade"},
		{ "predicate": {"custom_model_data": 3832008}, "model": "item/antidote"}
	]
}
