{
  "temperature": 2,
  "downfall": 0,
  "has_precipitation": true,
  "temperature_modifier": "none",
  "creature_spawn_probability": 0.12,
  "effects": {
    "sky_color": 11647649,
    "fog_color": 8163967,
    "water_color": 4607,
    "water_fog_color": 8162962,
    "grass_color": 5857114,
    "foliage_color": 5857114,
    "ambient_sound": "ambient.soul_sand_valley.loop",
    "mood_sound": {
      "sound": "ambient.warped_forest.additions",
      "tick_delay": 452,
      "block_search_extent": 8,
      "offset": 1
    },
    "additions_sound": {
      "sound": "block.fire.ambient",
      "tick_chance": 0.035
    },
    "particle": {
      "options": {
        "type": "ash"
      },
      "probability": 0.05
    }
  },
  "spawners": {
    "monster": [
      {
        "type": "minecraft:bogged",
        "weight": 100,
        "minCount": 1,
        "maxCount": 2
      },
      {
        "type": "minecraft:creeper",
        "weight": 65,
        "minCount": 1,
        "maxCount": 2
      },
      {
        "type": "minecraft:phantom",
        "weight": 15,
        "minCount": 1,
        "maxCount": 3
      }
    ]
  },
  "spawn_costs": {},
  "carvers": {},
  "features": []
}
