{
	"credit": "Made with Blockbench",
	"texture_size": [32, 32],
	"textures": {
		"32": "item/halberd",
		"particle": "item/halberd"
	},
	"elements": [
		{
			"from": [7.5, 0, 7.5],
			"to": [8.5, 21, 8.5],
			"faces": {
				"north": {"uv": [3.5, 0, 4, 10.5], "texture": "#32"},
				"east": {"uv": [4, 0, 4.5, 10.5], "texture": "#32"},
				"south": {"uv": [4.5, 0, 5, 10.5], "texture": "#32"},
				"west": {"uv": [0, 5, 0.5, 15.5], "texture": "#32"},
				"up": {"uv": [8, 4.5, 7.5, 4], "texture": "#32"},
				"down": {"uv": [10, 4.5, 9.5, 5], "texture": "#32"}
			}
		},
		{
			"from": [7, -2, 7],
			"to": [9, 0, 9],
			"faces": {
				"north": {"uv": [8, 2, 9, 3], "texture": "#32"},
				"east": {"uv": [8, 3, 9, 4], "texture": "#32"},
				"south": {"uv": [8, 4, 9, 5], "texture": "#32"},
				"west": {"uv": [5, 8, 6, 9], "texture": "#32"},
				"up": {"uv": [9, 6, 8, 5], "texture": "#32"},
				"down": {"uv": [7, 8, 6, 9], "texture": "#32"}
			}
		},
		{
			"from": [7.25, -5, 7.25],
			"to": [8.75, -3, 8.75],
			"faces": {
				"north": {"uv": [9.5, 1, 10.25, 2], "texture": "#32"},
				"east": {"uv": [9.5, 3.5, 10.25, 4.5], "texture": "#32"},
				"south": {"uv": [9.5, 6, 10.25, 7], "texture": "#32"},
				"west": {"uv": [7, 9.5, 7.75, 10.5], "texture": "#32"},
				"up": {"uv": [2.25, 10.75, 1.5, 10], "texture": "#32"},
				"down": {"uv": [10.75, 4.5, 10, 5.25], "texture": "#32"}
			}
		},
		{
			"from": [7.5, -7, 7.5],
			"to": [8.5, -5, 8.5],
			"faces": {
				"north": {"uv": [5.5, 10.5, 6, 11.5], "texture": "#32"},
				"east": {"uv": [6, 10.5, 6.5, 11.5], "texture": "#32"},
				"south": {"uv": [10.5, 6, 11, 7], "texture": "#32"},
				"west": {"uv": [6.5, 10.5, 7, 11.5], "texture": "#32"},
				"up": {"uv": [11.5, 11, 11, 10.5], "texture": "#32"},
				"down": {"uv": [11.5, 11, 11, 11.5], "texture": "#32"}
			}
		},
		{
			"from": [7.5, -3, 7.5],
			"to": [8.5, -2, 8.5],
			"faces": {
				"north": {"uv": [11.5, 2, 12, 2.5], "texture": "#32"},
				"east": {"uv": [2.5, 11.5, 3, 12], "texture": "#32"},
				"south": {"uv": [11.5, 2.5, 12, 3], "texture": "#32"},
				"west": {"uv": [11.5, 3, 12, 3.5], "texture": "#32"},
				"up": {"uv": [12, 4, 11.5, 3.5], "texture": "#32"},
				"down": {"uv": [4.5, 11.5, 4, 12], "texture": "#32"}
			}
		},
		{
			"from": [7.75, -9, 7.75],
			"to": [8.25, -7, 8.25],
			"faces": {
				"north": {"uv": [11.5, 0, 11.75, 1], "texture": "#32"},
				"east": {"uv": [1, 11.5, 1.25, 12.5], "texture": "#32"},
				"south": {"uv": [11.5, 1, 11.75, 2], "texture": "#32"},
				"west": {"uv": [1.5, 11.5, 1.75, 12.5], "texture": "#32"},
				"up": {"uv": [11.75, 10.75, 11.5, 10.5], "texture": "#32"},
				"down": {"uv": [11.25, 11.5, 11, 11.75], "texture": "#32"}
			}
		},
		{
			"from": [7, 20, 7],
			"to": [9, 22.5, 9],
			"faces": {
				"north": {"uv": [1, 6.5, 2, 7.75], "texture": "#32"},
				"east": {"uv": [2, 6.5, 3, 7.75], "texture": "#32"},
				"south": {"uv": [5, 6.5, 6, 7.75], "texture": "#32"},
				"west": {"uv": [6, 6.5, 7, 7.75], "texture": "#32"},
				"up": {"uv": [8, 5.5, 7, 4.5], "texture": "#32"},
				"down": {"uv": [8, 5.5, 7, 6.5], "texture": "#32"}
			}
		},
		{
			"from": [7.5, 20.75, 6],
			"to": [8.5, 21.75, 10],
			"faces": {
				"north": {"uv": [1, 11, 1.5, 11.5], "texture": "#32"},
				"east": {"uv": [7, 6.5, 9, 7], "texture": "#32"},
				"south": {"uv": [1.5, 11, 2, 11.5], "texture": "#32"},
				"west": {"uv": [7, 7, 9, 7.5], "texture": "#32"},
				"up": {"uv": [8, 2, 7.5, 0], "texture": "#32"},
				"down": {"uv": [8, 2, 7.5, 4], "texture": "#32"}
			}
		},
		{
			"from": [7.25, 23.5, 7.25],
			"to": [8.75, 25.5, 8.75],
			"faces": {
				"north": {"uv": [9, 5, 9.75, 6], "texture": "#32"},
				"east": {"uv": [9, 8, 9.75, 9], "texture": "#32"},
				"south": {"uv": [9, 9, 9.75, 10], "texture": "#32"},
				"west": {"uv": [9.5, 0, 10.25, 1], "texture": "#32"},
				"up": {"uv": [10.25, 7.75, 9.5, 7], "texture": "#32"},
				"down": {"uv": [1.25, 10, 0.5, 10.75], "texture": "#32"}
			}
		},
		{
			"from": [7.5, 22.5, 7.5],
			"to": [8.5, 23.5, 8.5],
			"faces": {
				"north": {"uv": [11, 8.5, 11.5, 9], "texture": "#32"},
				"east": {"uv": [11, 9, 11.5, 9.5], "texture": "#32"},
				"south": {"uv": [11, 9.5, 11.5, 10], "texture": "#32"},
				"west": {"uv": [10, 11, 10.5, 11.5], "texture": "#32"},
				"up": {"uv": [11.5, 10.5, 11, 10], "texture": "#32"},
				"down": {"uv": [11, 11, 10.5, 11.5], "texture": "#32"}
			}
		},
		{
			"from": [7.5, 25.5, 7.5],
			"to": [8.5, 29, 8.5],
			"faces": {
				"north": {"uv": [8.5, 0, 9, 1.75], "texture": "#32"},
				"east": {"uv": [3, 8.5, 3.5, 10.25], "texture": "#32"},
				"south": {"uv": [8.5, 7.5, 9, 9.25], "texture": "#32"},
				"west": {"uv": [9, 0, 9.5, 1.75], "texture": "#32"},
				"up": {"uv": [8.5, 11.5, 8, 11], "texture": "#32"},
				"down": {"uv": [11.5, 8, 11, 8.5], "texture": "#32"}
			}
		},
		{
			"from": [7.75, 28.5, 7.75],
			"to": [8.25, 32, 8.25],
			"faces": {
				"north": {"uv": [7, 10.5, 7.25, 12.25], "texture": "#32"},
				"east": {"uv": [10.5, 7, 10.75, 8.75], "texture": "#32"},
				"south": {"uv": [7.5, 10.5, 7.75, 12.25], "texture": "#32"},
				"west": {"uv": [10.5, 9, 10.75, 10.75], "texture": "#32"},
				"up": {"uv": [11.75, 10.25, 11.5, 10], "texture": "#32"},
				"down": {"uv": [10.75, 11.5, 10.5, 11.75], "texture": "#32"}
			}
		},
		{
			"from": [7.75, 18.75, 10],
			"to": [8.25, 22.75, 11],
			"faces": {
				"north": {"uv": [3, 10.5, 3.25, 12.5], "texture": "#32"},
				"east": {"uv": [1.5, 8, 2, 10], "texture": "#32"},
				"south": {"uv": [3.5, 10.5, 3.75, 12.5], "texture": "#32"},
				"west": {"uv": [2, 8, 2.5, 10], "texture": "#32"},
				"up": {"uv": [11.75, 7, 11.5, 6.5], "texture": "#32"},
				"down": {"uv": [11.75, 7, 11.5, 7.5], "texture": "#32"}
			}
		},
		{
			"from": [7.75, 21.75, 11],
			"to": [8.25, 23.75, 12],
			"faces": {
				"north": {"uv": [11, 5.5, 11.25, 6.5], "texture": "#32"},
				"east": {"uv": [10.5, 3, 11, 4], "texture": "#32"},
				"south": {"uv": [11, 6.5, 11.25, 7.5], "texture": "#32"},
				"west": {"uv": [4, 10.5, 4.5, 11.5], "texture": "#32"},
				"up": {"uv": [11.75, 8, 11.5, 7.5], "texture": "#32"},
				"down": {"uv": [8.25, 11.5, 8, 12], "texture": "#32"}
			}
		},
		{
			"from": [7.75, 16.75, 11],
			"to": [8.25, 19.75, 12],
			"faces": {
				"north": {"uv": [11, 0, 11.25, 1.5], "texture": "#32"},
				"east": {"uv": [5.5, 9, 6, 10.5], "texture": "#32"},
				"south": {"uv": [0.5, 11, 0.75, 12.5], "texture": "#32"},
				"west": {"uv": [6, 9, 6.5, 10.5], "texture": "#32"},
				"up": {"uv": [11.75, 8.5, 11.5, 8], "texture": "#32"},
				"down": {"uv": [8.75, 11.5, 8.5, 12], "texture": "#32"}
			}
		},
		{
			"from": [7.75, 22.75, 12],
			"to": [8.25, 23.75, 13],
			"faces": {
				"north": {"uv": [11.5, 8.5, 11.75, 9], "texture": "#32"},
				"east": {"uv": [11, 3.5, 11.5, 4], "texture": "#32"},
				"south": {"uv": [11.5, 9, 11.75, 9.5], "texture": "#32"},
				"west": {"uv": [11, 7.5, 11.5, 8], "texture": "#32"},
				"up": {"uv": [11.75, 10, 11.5, 9.5], "texture": "#32"},
				"down": {"uv": [10.25, 11.5, 10, 12], "texture": "#32"}
			}
		},
		{
			"from": [8, 19.75, 11],
			"to": [8, 21.75, 15],
			"faces": {
				"north": {"uv": [0, 0, 0, 1], "texture": "#32"},
				"east": {"uv": [5, 4.5, 7, 5.5], "texture": "#32"},
				"south": {"uv": [0, 0, 0, 1], "texture": "#32"},
				"west": {"uv": [5, 5.5, 7, 6.5], "texture": "#32"},
				"up": {"uv": [0, 2, 0, 0], "texture": "#32"},
				"down": {"uv": [0, 0, 0, 2], "texture": "#32"}
			}
		},
		{
			"from": [8, 21.75, 12],
			"to": [8, 22.75, 14],
			"faces": {
				"north": {"uv": [0, 0, 0, 0.5], "texture": "#32"},
				"east": {"uv": [10, 5.5, 11, 6], "texture": "#32"},
				"south": {"uv": [0, 0, 0, 0.5], "texture": "#32"},
				"west": {"uv": [10.5, 4, 11.5, 4.5], "texture": "#32"},
				"up": {"uv": [0, 1, 0, 0], "texture": "#32"},
				"down": {"uv": [0, 0, 0, 1], "texture": "#32"}
			}
		},
		{
			"from": [8, 16.75, 12],
			"to": [8, 19.75, 13],
			"faces": {
				"north": {"uv": [0, 0, 0, 1.5], "texture": "#32"},
				"east": {"uv": [6.5, 9, 7, 10.5], "texture": "#32"},
				"south": {"uv": [0, 0, 0, 1.5], "texture": "#32"},
				"west": {"uv": [9, 6.5, 9.5, 8], "texture": "#32"},
				"up": {"uv": [0, 0.5, 0, 0], "texture": "#32"},
				"down": {"uv": [0, 0, 0, 0.5], "texture": "#32"}
			}
		},
		{
			"from": [8, 17.75, 13],
			"to": [8, 19.75, 14],
			"faces": {
				"north": {"uv": [0, 0, 0, 1], "texture": "#32"},
				"east": {"uv": [4.5, 10.5, 5, 11.5], "texture": "#32"},
				"south": {"uv": [0, 0, 0, 1], "texture": "#32"},
				"west": {"uv": [5, 10.5, 5.5, 11.5], "texture": "#32"},
				"up": {"uv": [0, 0.5, 0, 0], "texture": "#32"},
				"down": {"uv": [0, 0, 0, 0.5], "texture": "#32"}
			}
		},
		{
			"from": [7.75, 17.25, 5.5],
			"to": [8.25, 24.25, 6.5],
			"faces": {
				"north": {"uv": [2.5, 8, 2.75, 11.5], "texture": "#32"},
				"east": {"uv": [3, 5, 3.5, 8.5], "texture": "#32"},
				"south": {"uv": [8, 7.5, 8.25, 11], "texture": "#32"},
				"west": {"uv": [0.5, 6.5, 1, 10], "texture": "#32"},
				"up": {"uv": [11.75, 4.5, 11.5, 4], "texture": "#32"},
				"down": {"uv": [4.75, 11.5, 4.5, 12], "texture": "#32"}
			}
		},
		{
			"from": [7.75, 14.25, 4.5],
			"to": [8.25, 18.25, 5.5],
			"faces": {
				"north": {"uv": [8.5, 9.5, 8.75, 11.5], "texture": "#32"},
				"east": {"uv": [7, 7.5, 7.5, 9.5], "texture": "#32"},
				"south": {"uv": [10, 8, 10.25, 10], "texture": "#32"},
				"west": {"uv": [7.5, 7.5, 8, 9.5], "texture": "#32"},
				"up": {"uv": [11.75, 5, 11.5, 4.5], "texture": "#32"},
				"down": {"uv": [5.25, 11.5, 5, 12], "texture": "#32"}
			}
		},
		{
			"from": [7.75, 23.25, 4.5],
			"to": [8.25, 27.25, 5.5],
			"faces": {
				"north": {"uv": [9, 10, 9.25, 12], "texture": "#32"},
				"east": {"uv": [8, 0, 8.5, 2], "texture": "#32"},
				"south": {"uv": [9.5, 10, 9.75, 12], "texture": "#32"},
				"west": {"uv": [1, 8, 1.5, 10], "texture": "#32"},
				"up": {"uv": [11.75, 5.5, 11.5, 5], "texture": "#32"},
				"down": {"uv": [5.75, 11.5, 5.5, 12], "texture": "#32"}
			}
		},
		{
			"from": [7.75, 26.25, 3.5],
			"to": [8.25, 28.25, 4.5],
			"faces": {
				"north": {"uv": [11, 1.5, 11.25, 2.5], "texture": "#32"},
				"east": {"uv": [10, 10, 10.5, 11], "texture": "#32"},
				"south": {"uv": [2, 11, 2.25, 12], "texture": "#32"},
				"west": {"uv": [10.5, 0, 11, 1], "texture": "#32"},
				"up": {"uv": [11.75, 6, 11.5, 5.5], "texture": "#32"},
				"down": {"uv": [6.25, 11.5, 6, 12], "texture": "#32"}
			}
		},
		{
			"from": [7.75, 13.25, 3.5],
			"to": [8.25, 15.25, 4.5],
			"faces": {
				"north": {"uv": [11, 2.5, 11.25, 3.5], "texture": "#32"},
				"east": {"uv": [10.5, 1, 11, 2], "texture": "#32"},
				"south": {"uv": [11, 4.5, 11.25, 5.5], "texture": "#32"},
				"west": {"uv": [10.5, 2, 11, 3], "texture": "#32"},
				"up": {"uv": [11.75, 6.5, 11.5, 6], "texture": "#32"},
				"down": {"uv": [6.75, 11.5, 6.5, 12], "texture": "#32"}
			}
		},
		{
			"from": [8, 18.25, -1.5],
			"to": [8, 23.25, 5.5],
			"faces": {
				"north": {"uv": [0, 0, 0, 2.5], "texture": "#32"},
				"east": {"uv": [0, 0, 3.5, 2.5], "texture": "#32"},
				"south": {"uv": [0, 0, 0, 2.5], "texture": "#32"},
				"west": {"uv": [0, 2.5, 3.5, 5], "texture": "#32"},
				"up": {"uv": [0, 3.5, 0, 0], "texture": "#32"},
				"down": {"uv": [0, 0, 0, 3.5], "texture": "#32"}
			}
		},
		{
			"from": [8, 19.25, -2.5],
			"to": [8, 22.25, -1.5],
			"faces": {
				"north": {"uv": [0, 0, 0, 1.5], "texture": "#32"},
				"east": {"uv": [9, 3.5, 9.5, 5], "texture": "#32"},
				"south": {"uv": [0, 0, 0, 1.5], "texture": "#32"},
				"west": {"uv": [5, 9, 5.5, 10.5], "texture": "#32"},
				"up": {"uv": [0, 0.5, 0, 0], "texture": "#32"},
				"down": {"uv": [0, 0, 0, 0.5], "texture": "#32"}
			}
		},
		{
			"from": [8, 23.25, -0.5],
			"to": [8, 26.25, 4.5],
			"faces": {
				"north": {"uv": [0, 0, 0, 1.5], "texture": "#32"},
				"east": {"uv": [5, 0, 7.5, 1.5], "texture": "#32"},
				"south": {"uv": [0, 0, 0, 1.5], "texture": "#32"},
				"west": {"uv": [0.5, 5, 3, 6.5], "texture": "#32"},
				"up": {"uv": [0, 2.5, 0, 0], "texture": "#32"},
				"down": {"uv": [0, 0, 0, 2.5], "texture": "#32"}
			}
		},
		{
			"from": [8, 15.25, -0.5],
			"to": [8, 18.25, 4.5],
			"faces": {
				"north": {"uv": [0, 0, 0, 1.5], "texture": "#32"},
				"east": {"uv": [5, 1.5, 7.5, 3], "texture": "#32"},
				"south": {"uv": [0, 0, 0, 1.5], "texture": "#32"},
				"west": {"uv": [5, 3, 7.5, 4.5], "texture": "#32"},
				"up": {"uv": [0, 2.5, 0, 0], "texture": "#32"},
				"down": {"uv": [0, 0, 0, 2.5], "texture": "#32"}
			}
		},
		{
			"from": [8, 14.25, 0.5],
			"to": [8, 15.25, 3.5],
			"faces": {
				"north": {"uv": [0, 0, 0, 0.5], "texture": "#32"},
				"east": {"uv": [8, 6, 9.5, 6.5], "texture": "#32"},
				"south": {"uv": [0, 0, 0, 0.5], "texture": "#32"},
				"west": {"uv": [9, 2, 10.5, 2.5], "texture": "#32"},
				"up": {"uv": [0, 1.5, 0, 0], "texture": "#32"},
				"down": {"uv": [0, 0, 0, 1.5], "texture": "#32"}
			}
		},
		{
			"from": [8, 26.25, 0.5],
			"to": [8, 27.25, 3.5],
			"faces": {
				"north": {"uv": [0, 0, 0, 0.5], "texture": "#32"},
				"east": {"uv": [9, 2.5, 10.5, 3], "texture": "#32"},
				"south": {"uv": [0, 0, 0, 0.5], "texture": "#32"},
				"west": {"uv": [9, 3, 10.5, 3.5], "texture": "#32"},
				"up": {"uv": [0, 1.5, 0, 0], "texture": "#32"},
				"down": {"uv": [0, 0, 0, 1.5], "texture": "#32"}
			}
		}
	],
	"display": {
		"thirdperson_righthand": {
			"translation": [0, 2.25, 1]
		},
		"thirdperson_lefthand": {
			"translation": [0, 2.25, 1]
		},
		"firstperson_righthand": {
			"rotation": [-3, 0, 0],
			"scale": [0.75, 0.75, 0.75]
		},
		"firstperson_lefthand": {
			"rotation": [-3, 0, 0],
			"scale": [0.75, 0.75, 0.75]
		},
		"ground": {
			"rotation": [45, 0, 0],
			"scale": [0.5, 0.5, 0.5]
		},
		"gui": {
			"rotation": [0, 90, 0],
			"scale": [0.5, 0.5, 0.5]
		},
		"head": {
			"rotation": [-135, 0, 180],
			"translation": [0, -1.5, -19]
		},
		"fixed": {
			"rotation": [0, -90, 0],
			"translation": [0, 0, 0.5],
			"scale": [0.5, 0.5, 0.5]
		}
	}
}