{
    "type": "minecraft:crafting_shaped",
    "category": "misc",
    "pattern": [
      "OHO",
      "HCH",
      "OHO"
    ],
    "key": {
      "C": {
        "item": "minecraft:crafting_table"
      },
      "H": {
        "item": "minecraft:stone"
      },
      "O": {
        "item": "minecraft:copper_block"
      }
    },
    "result": {
      "id": "minecraft:ghast_spawn_egg",
      "components": {
        "minecraft:item_name": "高度な作業台",
        "minecraft:rarity": "common",
        "minecraft:custom_model_data": 3832001,
        "minecraft:custom_data": {"SotF":"Advanced_Crafting_Table"}
      }
    }
  }
  