{
    "type": "minecraft:crafting_shapeless",
    "ingredients": [
      {
        "item": "minecraft:cactus"
      },
      {
        "item": "minecraft:sugar"
      },
      {
        "item": "minecraft:potion"
      }
    ],
    "result": {
      "id": "minecraft:potion",
      "count": 1,
      "components": {
        "minecraft:item_name": "サボテンジュース",
        "minecraft:max_stack_size": 4,
        "minecraft:potion_contents": {
          "custom_color": 14806708,
          "custom_effects": [
            {
              "id": "minecraft:saturation",
              "amplifier": 0,
              "duration": 2,
              "ambient": false,
              "show_particles": false,
              "show_icon": false
            }
          ]
        },
        "minecraft:hide_additional_tooltip": {}
      }
    }
  }
  