{
    "type": "minecraft:crafting_shaped",
    "category": "equipment",
    "pattern": [
      "CCC",
      "C C"
    ],
    "key": {
      "C": {
        "item": "minecraft:copper_ingot"
      }
    },
    "result": {
      "id": "minecraft:leather_helmet",
      "count": 1,
      "components": {
        "minecraft:item_name": "銅のヘルメット",
        "minecraft:dyed_color": {
          "rgb": 10242084,
          "show_in_tooltip": false
        },
        "minecraft:trim": {
          "material": "minecraft:copper",
          "pattern": "minecraft:silence",
          "show_in_tooltip": false
        },
        "minecraft:attribute_modifiers": {
          "modifiers": [
            {
              "type": "minecraft:generic.armor",
              "uuid": [
                3457,
                3457,
                3457,
                3457
              ],
              "name": "minecraft:generic.armor",
              "amount": 2,
              "operation": "add_value",
              "slot": "head"
            }
          ],
          "show_in_tooltip": true
        },
        "minecraft:max_damage": 132
      }
    }
  }
  