{
    "type": "minecraft:entity",
    "pools": [
      {
        "rolls": 1,
        "entries": [
          {
            "type": "minecraft:item",
            "name": "minecraft:deepslate"
          }
        ]
      },
      {
        "rolls": 1,
        "bonus_rolls": 0,
        "entries": [
          {
            "type": "minecraft:item",
            "name": "minecraft:coal",
            "conditions": [
              {
                "condition": "minecraft:random_chance",
                "chance": 0.5
              }
            ]
          }
        ]
      },
      {
        "rolls": 1,
        "entries": [
          {
            "type": "minecraft:item",
            "name": "minecraft:raw_copper",
            "conditions": [
              {
                "condition": "minecraft:random_chance",
                "chance": 0.5
              }
            ]
          }
        ]
      },
      {
        "rolls": 1,
        "entries": [
          {
            "type": "minecraft:item",
            "name": "minecraft:raw_iron",
            "conditions": [
              {
                "condition": "minecraft:random_chance",
                "chance": 0.25
              }
            ]
          }
        ]
      },
      {
        "rolls": 1,
        "entries": [
          {
            "type": "minecraft:item",
            "name": "minecraft:raw_gold",
            "conditions": [
              {
                "condition": "minecraft:random_chance",
                "chance": 0.25
              }
            ]
          }
        ]
      },
      {
        "rolls": 1,
        "entries": [
          {
            "type": "minecraft:item",
            "name": "minecraft:lapis_lazuli",
            "conditions": [
              {
                "condition": "minecraft:random_chance",
                "chance": 0.25
              }
            ]
          }
        ]
      },
      {
        "rolls": 1,
        "entries": [
          {
            "type": "minecraft:item",
            "name": "minecraft:redstone",
            "conditions": [
              {
                "condition": "minecraft:random_chance",
                "chance": 0.25
              }
            ]
          }
        ]
      },
      {
        "rolls": 1,
        "entries": [
          {
            "type": "minecraft:item",
            "name": "minecraft:emerald",
            "conditions": [
              {
                "condition": "minecraft:random_chance",
                "chance": 0.125
              }
            ]
          }
        ]
      },
      {
        "rolls": 1,
        "entries": [
          {
            "type": "minecraft:item",
            "name": "minecraft:diamond",
            "conditions": [
              {
                "condition": "minecraft:random_chance",
                "chance": 0.125
              }
            ]
          }
        ]
      }
    ]
  }
  