{
  "condition": "minecraft:any_of",
  "terms": [
    {
      "condition": "minecraft:entity_properties",
      "entity": "this",
      "predicate": {
        "type": "minecraft:item",
        "nbt": "{Item:{id:\"minecraft:bone_meal\",count:1,components:{\"minecraft:custom_data\":{SotF:GUIItem}}}}"
      }
    },
    {
      "condition": "minecraft:entity_properties",
      "entity": "this",
      "predicate": {
        "type": "minecraft:item",
        "nbt": "{Item:{id:\"minecraft:spider_eye\",count:1,components:{\"minecraft:custom_data\":{SotF:GUIItem}}}}"
      }
    },
    {
      "condition": "minecraft:entity_properties",
      "entity": "this",
      "predicate": {
        "type": "minecraft:item",
        "nbt": "{Item:{id:\"minecraft:armadillo_scute\",count:1,components:{\"minecraft:custom_data\":{SotF:GUIItem}}}}"
      }
    },
    {
      "condition": "minecraft:entity_properties",
      "entity": "this",
      "predicate": {
        "type": "minecraft:item",
        "nbt": "{Item:{id:\"minecraft:honey_bottle\",count:1,components:{\"minecraft:custom_data\":{SotF:GUIItem}}}}"
      }
    },
    {
      "condition": "minecraft:entity_properties",
      "entity": "this",
      "predicate": {
        "type": "minecraft:item",
        "nbt": "{Item:{id:\"minecraft:warped_fungus_on_a_stick\",count:1,components:{\"minecraft:custom_data\":{SotF:GUIItem}}}}"
      }
    },
    {
      "condition": "minecraft:entity_properties",
      "entity": "this",
      "predicate": {
        "type": "minecraft:item",
        "nbt": "{Item:{id:\"minecraft:iron_nugget\",count:1,components:{\"minecraft:custom_data\":{SotF:GUIItem}}}}"
      }
    },
    {
      "condition": "minecraft:entity_properties",
      "entity": "this",
      "predicate": {
        "type": "minecraft:item",
        "nbt": "{Item:{id:\"minecraft:gunpowder\",count:1,components:{\"minecraft:custom_data\":{SotF:GUIItem}}}}"
      }
    },
    {
      "condition": "minecraft:entity_properties",
      "entity": "this",
      "predicate": {
        "type": "minecraft:item",
        "nbt": "{Item:{id:\"minecraft:tripwire_hook\",count:1,components:{\"minecraft:custom_data\":{SotF:GUIItem}}}}"
      }
    },
    {
      "condition": "minecraft:entity_properties",
      "entity": "this",
      "predicate": {
        "type": "minecraft:item",
        "nbt": "{Item:{id:\"minecraft:snowball\",count:1,components:{\"minecraft:custom_data\":{SotF:GUIItem}}}}"
      }
    },
    {
      "condition": "minecraft:entity_properties",
      "entity": "this",
      "predicate": {
        "type": "minecraft:item",
        "nbt": "{Item:{id:\"minecraft:arrow\",count:1,components:{\"minecraft:custom_data\":{SotF:GUIItem}}}}"
      }
    },
    {
      "condition": "minecraft:entity_properties",
      "entity": "this",
      "predicate": {
        "type": "minecraft:item",
        "nbt": "{Item:{id:\"minecraft:knowledge_book\",count:1,components:{\"minecraft:custom_data\":{SotF:GUIItem}}}}"
      }
    },
    {
      "condition": "minecraft:entity_properties",
      "entity": "this",
      "predicate": {
        "type": "minecraft:item",
        "nbt": "{Item:{id:\"minecraft:anvil\",count:1,components:{\"minecraft:custom_data\":{SotF:GUIItem}}}}"
      }
    },
    {
      "condition": "minecraft:entity_properties",
      "entity": "this",
      "predicate": {
        "type": "minecraft:item",
        "nbt": "{Item:{id:\"minecraft:white_stained_glass_pane\",count:1,components:{\"minecraft:custom_data\":{SotF:GUIItem}}}}"
      }
    }
  ]
}
