{
    "display": {
      "icon": {
        "id": "minecraft:piglin_head"
      },
      "title": "蛮地の王",
      "description": "ピグリンブルートを討伐する",
      "frame": "challenge",
      "show_toast": true,
      "announce_to_chat": true,
      "hidden": false
    },
    "parent": "survivalotfittest:survivalotfittest/survival_of_the_fittest",
    "criteria": {
      "requirement": {
        "trigger": "minecraft:player_killed_entity",
        "conditions": {
          "entity": [
            {
              "condition": "minecraft:entity_properties",
              "entity": "this",
              "predicate": {
                "type": "minecraft:piglin_brute"
              }
            }
          ]
        }
      }
    },
    "sends_telemetry_event": true
  }
  