{
    "display": {
      "icon": {
        "id": "minecraft:cobblestone"
      },
      "title": "星落つ日",
      "description": "超新星に遭遇する",
      "frame": "task",
      "show_toast": true,
      "announce_to_chat": true,
      "hidden": false
    },
    "parent": "survivalotfittest:survivalotfittest/survival_of_the_fittest",
    "criteria": {
      "requirement": {
        "trigger": "minecraft:impossible"
      }
    },
    "sends_telemetry_event": true
  }
  