{
    "display": {
      "icon": {
        "id": "minecraft:sea_lantern"
      },
      "title": "一つ目の神秘",
      "description": "エルダーガーディアンを討伐する",
      "frame": "challenge",
      "show_toast": true,
      "announce_to_chat": true,
      "hidden": false
    },
    "parent": "survivalotfittest:survivalotfittest/a_barbaric_king",
    "criteria": {
      "requirement": {
        "trigger": "minecraft:player_killed_entity",
        "conditions": {
          "entity": [
            {
              "condition": "minecraft:entity_properties",
              "entity": "this",
              "predicate": {
                "type": "minecraft:elder_guardian"
              }
            }
          ]
        }
      }
    },
    "sends_telemetry_event": true
  }
  