{
    "display": {
      "icon": {
        "id": "minecraft:netherrack"
      },
      "title": "旧文明の証明者",
      "description": "獄炎の守護者を討伐する",
      "frame": "task",
      "show_toast": true,
      "announce_to_chat": true,
      "hidden": false
    },
    "parent": "survivalotfittest:survivalotfittest/survival_of_the_fittest",
    "criteria": {
      "requirement": {
        "trigger": "minecraft:player_killed_entity",
        "conditions": {
          "entity": [
            {
              "condition": "minecraft:entity_properties",
              "entity": "this",
              "predicate": {
                "type": "minecraft:wither_skeleton",
                "nbt": "{Tags:[\"Choco.SotF.Substantiator\"]}"
              }
            }
          ]
        }
      }
    },
    "sends_telemetry_event": true
  }
  