{
    "display": {
      "icon": {
        "id": "minecraft:end_stone"
      },
      "title": "終焉世界の放浪者",
      "description": "虚空の襲撃者を討伐する",
      "frame": "task",
      "show_toast": true,
      "announce_to_chat": true,
      "hidden": false
    },
    "parent": "survivalotfittest:survivalotfittest/a_substantiator_of_old_civilization",
    "criteria": {
      "requirement": {
        "trigger": "minecraft:player_killed_entity",
        "conditions": {
          "entity": [
            {
              "condition": "minecraft:entity_properties",
              "entity": "this",
              "predicate": {
                "type": "minecraft:skeleton",
                "nbt": "{Tags:[\"Choco.SotF.RaiderOfVoidness\"]}"
              }
            }
          ]
        }
      }
    },
    "sends_telemetry_event": true
  }
  