{
    "display": {
      "icon": {
        "id": "minecraft:stone_axe"
      },
      "title": "統帥せし者",
      "description": "マーシャルを見つける",
      "frame": "task",
      "show_toast": true,
      "announce_to_chat": true,
      "hidden": false
    },
    "parent": "survivalotfittest:survivalotfittest/assult_operation",
    "criteria": {
      "requirement": {
        "trigger": "minecraft:impossible"
      }
    },
    "sends_telemetry_event": true
  }
  