{
    "display": {
      "icon": {
        "id": "minecraft:zombie_head"
      },
      "title": "強襲作戦",
      "description": "ゾンビアポカリプスに遭遇する",
      "frame": "task",
      "show_toast": true,
      "announce_to_chat": true,
      "hidden": false
    },
    "parent": "survivalotfittest:survivalotfittest/survival_of_the_fittest",
    "criteria": {
      "requirement": {
        "trigger": "minecraft:impossible"
      }
    },
    "sends_telemetry_event": true
  }
  