{
    "display": {
      "icon": {
        "id": "minecraft:glass_bottle"
      },
      "title": "カラカラ",
      "description": "脱水症状で死ぬ",
      "frame": "task",
      "show_toast": true,
      "announce_to_chat": true,
      "hidden": false
    },
    "parent": "survivalotfittest:survivalotfittest/survival_of_the_fittest",
    "criteria": {
      "requirement": {
        "trigger": "minecraft:impossible"
      }
    },
    "sends_telemetry_event": true
  }
  