{
    "display": {
      "icon": {
        "id": "minecraft:crafting_table"
      },
      "title": "産業革命",
      "description": "高度な作業台を作成する",
      "frame": "task",
      "show_toast": true,
      "announce_to_chat": true,
      "hidden": false
    },
    "parent": "survivalotfittest:survivalotfittest/survival_of_the_fittest",
    "criteria": {
      "requirement": {
        "trigger": "minecraft:impossible"
      }
    },
    "sends_telemetry_event": true
  }
  