{
    "display": {
      "icon": {
        "id": "minecraft:golden_apple"
      },
      "title": "対象打ち取ったり",
      "description": "マーシャルを討伐する",
      "frame": "challenge",
      "show_toast": true,
      "announce_to_chat": true,
      "hidden": false
    },
    "parent": "survivalotfittest:survivalotfittest/a_zombie_of_command",
    "criteria": {
      "requirement": {
        "trigger": "minecraft:player_killed_entity",
        "conditions": {
          "entity": [
            {
              "condition": "minecraft:entity_properties",
              "entity": "this",
              "predicate": {
                "type": "minecraft:zombie",
                "nbt": "{Tags:[\"Choco.SotF.Marshal\"]}"
              }
            }
          ]
        }
      }
    },
    "sends_telemetry_event": true
  }
  