{
    "display": {
      "icon": {
        "id": "minecraft:sculk_shrieker"
      },
      "title": "静寂からの解放",
      "description": "ウォーデンを討伐する",
      "frame": "challenge",
      "show_toast": true,
      "announce_to_chat": true,
      "hidden": false
    },
    "parent": "survivalotfittest:survivalotfittest/until_the_last_moment",
    "criteria": {
      "requirement": {
        "trigger": "minecraft:player_killed_entity",
        "conditions": {
          "entity": [
            {
              "condition": "minecraft:entity_properties",
              "entity": "this",
              "predicate": {
                "type": "minecraft:warden"
              }
            }
          ]
        }
      }
    },
    "sends_telemetry_event": true
  }
  