{
    "display": {
      "icon": {
        "id": "minecraft:magma_block"
      },
      "title": "終末論",
      "description": "Lv.8 以上の超新星に遭遇する",
      "frame": "challenge",
      "show_toast": true,
      "announce_to_chat": true,
      "hidden": false
    },
    "parent": "survivalotfittest:survivalotfittest/a_day_the_star_falls",
    "criteria": {
      "requirement": {
        "trigger": "minecraft:impossible"
      }
    },
    "sends_telemetry_event": true
  }
  