{
    "display": {
      "icon": {
        "id": "minecraft:wither_rose"
      },
      "title": "最期まで",
      "description": "ウィザーを討伐する",
      "frame": "challenge",
      "show_toast": true,
      "announce_to_chat": true,
      "hidden": false
    },
    "parent": "survivalotfittest:survivalotfittest/a_mystery_of_one_eye",
    "criteria": {
      "requirement": {
        "trigger": "minecraft:player_killed_entity",
        "conditions": {
          "entity": [
            {
              "condition": "minecraft:entity_properties",
              "entity": "this",
              "predicate": {
                "type": "minecraft:wither"
              }
            }
          ]
        }
      }
    },
    "sends_telemetry_event": true
  }
  